Entity,Code,Year,Gas Consumption - TWh,,,
Austria,AUT,1965,17.52864694,,,
Austria,AUT,1966,18.82103417,,,
Austria,AUT,1967,18.03168361,,,
Austria,AUT,1968,19.22896972,,,
Austria,AUT,1969,23.32915694,,,
Austria,AUT,1970,28.29800222,,,
Austria,AUT,1971,32.50664667,,,
Austria,AUT,1972,35.1297525,,,
Austria,AUT,1973,38.61119917,,,
Austria,AUT,1974,41.85197,,,
Austria,AUT,1975,41.80161889,,,
Austria,AUT,1976,47.6101125,,,
Austria,AUT,1977,48.52033778,,,
Austria,AUT,1978,50.46823861,,,
Austria,AUT,1979,50.04036639,,,
Austria,AUT,1980,48.07397639,,,
Austria,AUT,1981,45.82409778,,,
Austria,AUT,1982,44.355265,,,
Austria,AUT,1983,45.25705944,,,
Austria,AUT,1984,50.38988889,,,
Austria,AUT,1985,53.99160444,,,
Austria,AUT,1986,52.421265,,,
Austria,AUT,1987,54.68577833,,,
Austria,AUT,1988,52.38502917,,,
Austria,AUT,1989,56.25981972,,,
Austria,AUT,1990,61.93490333,,,
Austria,AUT,1991,65.66419139,,,
Austria,AUT,1992,64.48223417,,,
Austria,AUT,1993,67.81245139,,,
Austria,AUT,1994,69.75149417,,,
Austria,AUT,1995,76.15716028,,,
Austria,AUT,1996,81.06088,,,
Austria,AUT,1997,78.12571611,,,
Austria,AUT,1998,80.20729139,,,
Austria,AUT,1999,81.92762833,,,
Austria,AUT,2000,78.20515417,,,
Austria,AUT,2001,82.88196083,,1965,0
Austria,AUT,2002,81.48536944,,1966,0
Austria,AUT,2003,89.62971833,,1967,0
Austria,AUT,2004,90.4923375,,1968,0
Austria,AUT,2005,95.27706444,,1969,0
Austria,AUT,2006,89.53200778,,1970,0
Austria,AUT,2007,84.70895417,,1971,0
Austria,AUT,2008,90.68554861,,1972,0
Austria,AUT,2009,88.31913861,,1973,0
Austria,AUT,2010,96.12812111,,1974,0
Austria,AUT,2011,90.41806694,,1975,0
Austria,AUT,2012,86.24141583,,1976,0
Austria,AUT,2013,82.00461139,,1977,0
Austria,AUT,2014,75.10975583,,1978,0
Austria,AUT,2015,79.68095,,1979,0
Austria,AUT,2016,83.42190278,,1980,0
Austria,AUT,2017,90.69853861,,1981,0
Austria,AUT,2018,86.86918917,,1982,0
Austria,AUT,2019,89.00441028,,1983,0
Austria,AUT,2020,85.27519028,,1984,0
Belarus,BLR,1985,86.53183861,1,1985,86.53183861
Belarus,BLR,1986,88.18871194,,1986,88.18871194
Belarus,BLR,1987,99.54344139,,1987,99.54344139
Belarus,BLR,1988,115.2603344,,1988,115.2603344
Belarus,BLR,1989,121.3823403,,1989,121.3823403
Belarus,BLR,1990,129.3250344,,1990,129.3250344
Belarus,BLR,1991,135.3487511,,1991,135.3487511
Belarus,BLR,1992,157.1782892,,1992,157.1782892
Belarus,BLR,1993,145.8329203,,1993,145.8329203
Belarus,BLR,1994,127.4856244,,1994,127.4856244
Belarus,BLR,1995,115.2603344,,1995,115.2603344
Belarus,BLR,1996,121.3823403,,1996,121.3823403
Belarus,BLR,1997,138.8403539,,1997,138.8403539
Belarus,BLR,1998,140.5908358,,1998,140.5908358
Belarus,BLR,1999,143.2118781,,1999,143.2118781
Belarus,BLR,2000,151.9362044,,2000,151.9362044
Belarus,BLR,2001,151.0656442,,2001,151.0656442
Belarus,BLR,2002,155.4278072,,2002,155.4278072
Belarus,BLR,2003,152.806765,,2003,152.806765
Belarus,BLR,2004,185.3436878,,2004,185.3436878
Belarus,BLR,2005,190.0266181,,2005,190.0266181
Belarus,BLR,2006,193.9477681,,2006,193.9477681
Belarus,BLR,2007,194.7153589,,2007,194.7153589
Belarus,BLR,2008,199.4145133,,2008,199.4145133
Belarus,BLR,2009,169.3198131,,2009,169.3198131
Belarus,BLR,2010,207.2836283,,2010,207.2836283
Belarus,BLR,2011,192.2618486,,2011,192.2618486
Belarus,BLR,2012,194.1009833,,2012,194.1009833
Belarus,BLR,2013,192.7027728,,2013,192.7027728
Belarus,BLR,2014,191.2143953,,2014,191.2143953
Belarus,BLR,2015,178.9891053,,2015,178.9891053
Belarus,BLR,2016,177.8751622,,2016,177.8751622
Belarus,BLR,2017,182.0875517,,2017,182.0875517
Belarus,BLR,2018,193.1427336,,2018,193.1427336
Belarus,BLR,2019,191.644995,,2019,191.644995
Belarus,BLR,2020,178.6505417,,2020,178.6505417
Belgium,BEL,1965,0.735,1,,
Belgium,BEL,1966,1.3265,,,
Belgium,BEL,1967,5.0555,,,
Belgium,BEL,1968,12.299,,,
Belgium,BEL,1969,25.335,,,
Belgium,BEL,1970,39.75175,,,
Belgium,BEL,1971,54.81475,,,
Belgium,BEL,1972,69.1135,,,
Belgium,BEL,1973,83.07225,,,
Belgium,BEL,1974,97.35675,,,
Belgium,BEL,1975,96.19475,,,
Belgium,BEL,1976,101.6115,,,
Belgium,BEL,1977,99.9695,,,
Belgium,BEL,1978,99.1245,,,
Belgium,BEL,1979,108.30525,,,
Belgium,BEL,1980,103.6315,,,
Belgium,BEL,1981,95.5805,,,
Belgium,BEL,1982,79.68625,,,
Belgium,BEL,1983,82.80875,,,
Belgium,BEL,1984,85.4505,,,
Belgium,BEL,1985,85.864,,,
Belgium,BEL,1986,77.095,,,
Belgium,BEL,1987,85.0165,,,
Belgium,BEL,1988,83.906,,,
Belgium,BEL,1989,93.24425,,,
Belgium,BEL,1990,95.6985,,,
Belgium,BEL,1991,102.078,,,
Belgium,BEL,1992,105.20125,,,
Belgium,BEL,1993,110.093,,,
Belgium,BEL,1994,112.576,,,
Belgium,BEL,1995,124.5255,,,
Belgium,BEL,1996,138.42075,,,
Belgium,BEL,1997,132.04475,,,
Belgium,BEL,1998,144.644,,,
Belgium,BEL,1999,154.46025,,,
Belgium,BEL,2000,155.26275,,,
Belgium,BEL,2001,153.376,,,
Belgium,BEL,2002,158.32525,,,
Belgium,BEL,2003,168.66575,,,
Belgium,BEL,2004,171.88,,,
Belgium,BEL,2005,168.93475,,,
Belgium,BEL,2006,173.889,,,
Belgium,BEL,2007,175.19025,,,
Belgium,BEL,2008,174.0145,,,
Belgium,BEL,2009,175.7406583,,,
Belgium,BEL,2010,194.04,,,
Belgium,BEL,2011,165.24,,,
Belgium,BEL,2012,167.4,,,
Belgium,BEL,2013,165.33,,,
Belgium,BEL,2014,144.63,,,
Belgium,BEL,2015,158.499,,,
Belgium,BEL,2016,161.892,,,
Belgium,BEL,2017,164.115,,,
Belgium,BEL,2018,168.741,,,
Belgium,BEL,2019,173.835,,,
Belgium,BEL,2020,169.9818,,,
Bulgaria,BGR,1965,0.562725,1,,
Bulgaria,BGR,1966,0.839475,,,
Bulgaria,BGR,1967,2.555325,,,
Bulgaria,BGR,1968,3.9114,,,
Bulgaria,BGR,1969,4.068225,,,
Bulgaria,BGR,1970,3.67155,,,
Bulgaria,BGR,1971,2.8765,,,
Bulgaria,BGR,1972,1.938,,,
Bulgaria,BGR,1973,1.9525,,,
Bulgaria,BGR,1974,4.2545,,,
Bulgaria,BGR,1975,11.29875,,,
Bulgaria,BGR,1976,19.76075,,,
Bulgaria,BGR,1977,25.2155,,,
Bulgaria,BGR,1978,26.90025,,,
Bulgaria,BGR,1979,28.7795,,,
Bulgaria,BGR,1980,36.9915,,,
Bulgaria,BGR,1981,40.23925,,,
Bulgaria,BGR,1982,44.528,,,
Bulgaria,BGR,1983,46.7895,,,
Bulgaria,BGR,1984,49.195,,,
Bulgaria,BGR,1985,53.658,,,
Bulgaria,BGR,1986,53.2855,,,
Bulgaria,BGR,1987,59.423,,,
Bulgaria,BGR,1988,57.7245,,,
Bulgaria,BGR,1989,59.42325,,,
Bulgaria,BGR,1990,63.0175,,,
Bulgaria,BGR,1991,53.2195,,,
Bulgaria,BGR,1992,47.12125,,,
Bulgaria,BGR,1993,43.84575,,,
Bulgaria,BGR,1994,43.86275,,,
Bulgaria,BGR,1995,52.93925,,,
Bulgaria,BGR,1996,54.08425,,,0
Bulgaria,BGR,1997,43.14725,,1966,0
Bulgaria,BGR,1998,36.1015,,1967,0
Bulgaria,BGR,1999,31.2785,,1968,0
Bulgaria,BGR,2000,34.06825,,1969,0
Bulgaria,BGR,2001,28.63925,,1970,0
Bulgaria,BGR,2002,25.393,,1971,0
Bulgaria,BGR,2003,26.833,,1972,0
Bulgaria,BGR,2004,26.19875,,1973,0
Bulgaria,BGR,2005,32.664,,1974,0
Bulgaria,BGR,2006,33.657,,1975,0
Bulgaria,BGR,2007,33.919,,1976,0
Bulgaria,BGR,2008,33.92125,,1977,0
Bulgaria,BGR,2009,24.26375,,1978,0
Bulgaria,BGR,2010,26.72275,,1979,0
Bulgaria,BGR,2011,30.5945,,1980,0
Bulgaria,BGR,2012,28.51225,,1981,0
Bulgaria,BGR,2013,27.544,,1982,0
Bulgaria,BGR,2014,27.3615,,1983,0
Bulgaria,BGR,2015,30.0035,,1984,0
Bulgaria,BGR,2016,31.2505,,1985,0
Bulgaria,BGR,2017,32.1365,,1986,0
Bulgaria,BGR,2018,30.22925,,1987,0
Bulgaria,BGR,2019,28.30875,,1988,0
Bulgaria,BGR,2020,29.2065,,1989,0
Croatia,HRV,1990,25.52275,1,1990,25.52275
Croatia,HRV,1991,23.636,,1991,23.636
Croatia,HRV,1992,24.5005,,1992,24.5005
Croatia,HRV,1993,25.8685,,1993,25.8685
Croatia,HRV,1994,24.339,,1994,24.339
Croatia,HRV,1995,22.495,,1995,22.495
Croatia,HRV,1996,25.20725,,1996,25.20725
Croatia,HRV,1997,26.12975,,1997,26.12975
Croatia,HRV,1998,25.118,,1998,25.118
Croatia,HRV,1999,25.4675,,1999,25.4675
Croatia,HRV,2000,25.6955,,2000,25.6955
Croatia,HRV,2001,26.925,,2001,26.925
Croatia,HRV,2002,27.567,,2002,27.567
Croatia,HRV,2003,27.40175,,2003,27.40175
Croatia,HRV,2004,28.41833333,,2004,28.41833333
Croatia,HRV,2005,27.48238889,,2005,27.48238889
Croatia,HRV,2006,27.17922222,,2006,27.17922222
Croatia,HRV,2007,31.22994444,,2007,31.22994444
Croatia,HRV,2008,30.27038889,,2008,30.27038889
Croatia,HRV,2009,27.94988889,,2009,27.94988889
Croatia,HRV,2010,30.61416667,,2010,30.61416667
Croatia,HRV,2011,29.89166667,,2011,29.89166667
Croatia,HRV,2012,28.06605556,,2012,28.06605556
Croatia,HRV,2013,26.53794444,,2013,26.53794444
Croatia,HRV,2014,23.48571111,,2014,23.48571111
Croatia,HRV,2015,24.21231111,,2015,24.21231111
Croatia,HRV,2016,25.24353333,,2016,25.24353333
Croatia,HRV,2017,28.99666944,,2017,28.99666944
Croatia,HRV,2018,26.65836667,,2018,26.65836667
Croatia,HRV,2019,27.98142222,,2019,27.98142222
Croatia,HRV,2020,29.0011375,,2020,29.0011375
Cyprus,CYP,1965,0,,,
Cyprus,CYP,1966,0,,,
Cyprus,CYP,1967,0,,,
Cyprus,CYP,1968,0,,,
Cyprus,CYP,1969,0,,,
Cyprus,CYP,1970,0,,,
Cyprus,CYP,1971,0,,,
Cyprus,CYP,1972,0,,,
Cyprus,CYP,1973,0,,,
Cyprus,CYP,1974,0,,,
Cyprus,CYP,1975,0,,,
Cyprus,CYP,1976,0,,,
Cyprus,CYP,1977,0,,,
Cyprus,CYP,1978,0,,,
Cyprus,CYP,1979,0,,,
Cyprus,CYP,1980,0,,,
Cyprus,CYP,1981,0,,,
Cyprus,CYP,1982,0,,,
Cyprus,CYP,1983,0,,,
Cyprus,CYP,1984,0,,,
Cyprus,CYP,1985,0,,,
Cyprus,CYP,1986,0,,,
Cyprus,CYP,1987,0,,,
Cyprus,CYP,1988,0,,,
Cyprus,CYP,1989,0,,,
Cyprus,CYP,1990,0,,,
Cyprus,CYP,1991,0,,,
Cyprus,CYP,1992,0,,,
Cyprus,CYP,1993,0,,,
Cyprus,CYP,1994,0,,,
Cyprus,CYP,1995,0,,,
Cyprus,CYP,1996,0,,,
Cyprus,CYP,1997,0,,,
Cyprus,CYP,1998,0,,,
Cyprus,CYP,1999,0,,,
Cyprus,CYP,2000,0,,,
Cyprus,CYP,2001,0,,,
Cyprus,CYP,2002,0,,,
Cyprus,CYP,2003,0,,,
Cyprus,CYP,2004,0,,,
Cyprus,CYP,2005,0,,,
Cyprus,CYP,2006,0,,,
Cyprus,CYP,2007,0,,,
Cyprus,CYP,2008,0,,,
Cyprus,CYP,2009,0,,,
Cyprus,CYP,2010,0,,,
Cyprus,CYP,2011,0,,,
Cyprus,CYP,2012,0,,,
Cyprus,CYP,2013,0,,,
Cyprus,CYP,2014,0,,,
Cyprus,CYP,2015,0,,,
Cyprus,CYP,2016,0,,,
Cyprus,CYP,2017,0,,,
Cyprus,CYP,2018,0,,,
Cyprus,CYP,2019,0,,,
Cyprus,CYP,2020,0,,,
Czechia,CZE,1965,4.2905,,,
Czechia,CZE,1966,4.49025,,,
Czechia,CZE,1967,5.39375,,,
Czechia,CZE,1968,6.65125,,,
Czechia,CZE,1969,7.294,,,
Czechia,CZE,1970,8.0125,,,
Czechia,CZE,1971,9.955,,,
Czechia,CZE,1972,10.8105,,,
Czechia,CZE,1973,11.8725,,,
Czechia,CZE,1974,14.47525,,,
Czechia,CZE,1975,16.572,,,
Czechia,CZE,1976,18.29625,,,
Czechia,CZE,1977,20.793,,,
Czechia,CZE,1978,23.299,,,
Czechia,CZE,1979,26.14075,,,
Czechia,CZE,1980,30.11125,,,
Czechia,CZE,1981,30.2075,,,
Czechia,CZE,1982,31.99775,,,
Czechia,CZE,1983,37.54175,,,
Czechia,CZE,1984,39.96025,,,
Czechia,CZE,1985,49.0635,,,
Czechia,CZE,1986,51.846,,,
Czechia,CZE,1987,56.556,,,
Czechia,CZE,1988,56.91625,,,
Czechia,CZE,1989,58.73775,,,
Czechia,CZE,1990,61.03075,,,
Czechia,CZE,1991,58.88975,,,
Czechia,CZE,1992,67.4505,,,
Czechia,CZE,1993,68.93175,,,
Czechia,CZE,1994,67.32975,,,
Czechia,CZE,1995,76.19525,,,
Czechia,CZE,1996,87.687,,,
Czechia,CZE,1997,89.18875,,,
Czechia,CZE,1998,89.38025,,,
Czechia,CZE,1999,89.8605,,,
Czechia,CZE,2000,87.22675,,,
Czechia,CZE,2001,93.414,,,
Czechia,CZE,2002,90.2725,,,
Czechia,CZE,2003,91.20475,,,
Czechia,CZE,2004,90.57325,,,
Czechia,CZE,2005,89.591,,,
Czechia,CZE,2006,88.31275,,,
Czechia,CZE,2007,84.1855,,,
Czechia,CZE,2008,83.42825,,,
Czechia,CZE,2009,79.1335,,,
Czechia,CZE,2010,93.84875,,,
Czechia,CZE,2011,79.1905,,,
Czechia,CZE,2012,79.7365,,,
Czechia,CZE,2013,80.78675,,,
Czechia,CZE,2014,71.898,,,
Czechia,CZE,2015,75.3945,,,
Czechia,CZE,2016,81.59975,,,
Czechia,CZE,2017,83.74775,,,
Czechia,CZE,2018,79.82825,,,
Czechia,CZE,2019,83.2495,,,
Czechia,CZE,2020,84.62375,,,
Denmark,DNK,1965,0,,,
Denmark,DNK,1966,0,,,
Denmark,DNK,1967,0,,,
Denmark,DNK,1968,0,,,
Denmark,DNK,1969,0,,,
Denmark,DNK,1970,0,,,
Denmark,DNK,1971,0,,,
Denmark,DNK,1972,0,,,
Denmark,DNK,1973,0,,,
Denmark,DNK,1974,0,,,
Denmark,DNK,1975,0,,,
Denmark,DNK,1976,0,,,
Denmark,DNK,1977,0,,,
Denmark,DNK,1978,0,,,
Denmark,DNK,1979,0,,,
Denmark,DNK,1980,0,,,
Denmark,DNK,1981,0,,,
Denmark,DNK,1982,0,,,
Denmark,DNK,1983,0.14595,,,
Denmark,DNK,1984,1.178025,,,
Denmark,DNK,1985,6.7137,,,
Denmark,DNK,1986,11.9679,,,
Denmark,DNK,1987,15.189225,,,
Denmark,DNK,1988,18.525225,,,
Denmark,DNK,1989,19.74495,,,
Denmark,DNK,1990,21.048075,,,
Denmark,DNK,1991,24.29581444,,,
Denmark,DNK,1992,25.54621111,,,
Denmark,DNK,1993,28.70731917,,,
Denmark,DNK,1994,32.07804361,,,
Denmark,DNK,1995,37.14420417,,,
Denmark,DNK,1996,43.75494417,,,
Denmark,DNK,1997,45.71891056,,,
Denmark,DNK,1998,49.29798222,,,
Denmark,DNK,1999,51.69367611,,,
Denmark,DNK,2000,51.01935083,,,
Denmark,DNK,2001,53.31487,,,
Denmark,DNK,2002,53.81795528,,,
Denmark,DNK,2003,54.40917639,,,
Denmark,DNK,2004,54.15029306,,,
Denmark,DNK,2005,52.00558222,,,
Denmark,DNK,2006,52.9829075,,,
Denmark,DNK,2007,47.48961306,,,
Denmark,DNK,2008,47.71609944,,,
Denmark,DNK,2009,45.82792278,,,
Denmark,DNK,2010,51.83978528,,,
Denmark,DNK,2011,43.47364556,,,
Denmark,DNK,2012,40.60289222,,,
Denmark,DNK,2013,38.297825,,,
Denmark,DNK,2014,32.89438222,,,
Denmark,DNK,2015,33.09252611,,,
Denmark,DNK,2016,33.65253278,,,
Denmark,DNK,2017,32.16213333,,,
Denmark,DNK,2018,31.20985833,,,
Denmark,DNK,2019,28.97777833,,,
Denmark,DNK,2020,23.2396225,,,
Europe,,1965,379.1453058,,,
Europe,,1966,429.2602533,,,
Europe,,1967,514.3610628,,,
Europe,,1968,666.4043031,,,
Europe,,1969,859.5315467,,,
Europe,,1970,1085.388258,,,
Europe,,1971,1336.557854,,,
Europe,,1972,1627.107404,,,
Europe,,1973,1849.198224,,,
Europe,,1974,2094.446442,,,
Europe,,1975,2248.595789,,,
Europe,,1976,2444.750286,,,
Europe,,1977,2560.344825,,,
Europe,,1978,2663.357785,,,
Europe,,1979,2811.931892,,,
Europe,,1980,2808.8427,,,
Europe,,1981,2781.23275,,,
Europe,,1982,2728.287374,,,
Europe,,1983,2837.048708,,,
Europe,,1984,2971.759658,,,
Europe,,1985,4026.460644,,,
Europe,,1986,4129.310083,,,
Europe,,1987,4311.67545,,,
Europe,,1988,4348.913122,,,
Europe,,1989,4469.701156,,,
Europe,,1990,4826.920531,,,
Europe,,1991,4886.940125,,,
Europe,,1992,4618.963856,,,
Europe,,1993,4642.213758,,,
Europe,,1994,4508.473206,,,
Europe,,1995,4762.982092,,,
Europe,,1996,5277.245117,,,
Europe,,1997,5155.935858,,,
Europe,,1998,5230.536908,,,
Europe,,1999,5438.862869,,,
Europe,,2000,5584.936153,,,
Europe,,2001,5694.591803,,,
Europe,,2002,5712.716067,,,
Europe,,2003,5971.038094,,,
Europe,,2004,6115.665825,,,
Europe,,2005,6275.513278,,,
Europe,,2006,6228.661342,,,
Europe,,2007,6173.632106,,,
Europe,,2008,6259.033311,,,
Europe,,2009,5774.758539,,,
Europe,,2010,6229.469294,,,
Europe,,2011,5804.173806,,,
Europe,,2012,5657.226653,,,
Europe,,2013,5543.861186,,,
Europe,,2014,5000.054186,,,
Europe,,2015,5092.000225,,,
Europe,,2016,5374.38865,,,
Europe,,2017,5588.029269,,,
Europe,,2018,5483.245992,,,
Europe,,2019,5534.740714,,,
Europe,,2020,5410.972264,,,
European Union,,1965,367.0913608,,,
European Union,,1966,416.6446483,,,
European Union,,1967,495.3582728,,,
European Union,,1968,628.4307581,,,
European Union,,1969,789.8718492,,,
European Union,,1970,956.7551828,,,
European Union,,1971,1133.068564,,,
European Union,,1972,1340.764441,,,
European Union,,1973,1538.979889,,,
European Union,,1974,1723.564659,,,
European Union,,1975,1857.868119,,,
European Union,,1976,2030.190241,,,
European Union,,1977,2115.397545,,,
European Union,,1978,2197.08166,,,
European Union,,1979,2298.784417,,,
European Union,,1980,2290.25008,,,
European Union,,1981,2253.893216,,,
European Union,,1982,2193.687351,,,
European Union,,1983,2276.896843,,,
European Union,,1984,2394.410672,,,
European Union,,1985,2511.422884,,,
European Union,,1986,2547.80737,,,
European Union,,1987,2681.791396,,,
European Union,,1988,2679.201312,,,
European Union,,1989,2773.62452,,,
European Union,,1990,2913.043056,,,
European Union,,1991,2982.06865,,,
European Union,,1992,2883.697469,,,
European Union,,1993,2941.936714,,,
European Union,,1994,2905.958781,,,
European Union,,1995,3147.951933,,,
European Union,,1996,3419.710022,,,
European Union,,1997,3328.076722,,,
European Union,,1998,3419.599717,,,
European Union,,1999,3505.422731,,,
European Union,,2000,3588.841083,,,
European Union,,2001,3713.280447,,,
European Union,,2002,3739.978883,,,
European Union,,2003,3941.938117,,,
European Union,,2004,4048.062569,,,
European Union,,2005,4186.891983,,,
European Union,,2006,4173.682669,,,
European Union,,2007,4105.031917,,,
European Union,,2008,4187.076772,,,
European Union,,2009,3933.273572,,,
European Union,,2010,4228.098186,,,
European Union,,2011,3890.439269,,,
European Union,,2012,3821.749625,,,
European Union,,2013,3745.064425,,,
European Union,,2014,3313.778372,,,
European Union,,2015,3467.134878,,,
European Union,,2016,3681.617617,,,
European Union,,2017,3851.744083,,,
European Union,,2018,3780.570478,,,
European Union,,2019,3912.177708,,,
European Union,,2020,3799.387092,,,
Finland,FIN,1965,0,,,
Finland,FIN,1966,0,,,
Finland,FIN,1967,0,,,
Finland,FIN,1968,0,,,
Finland,FIN,1969,0,,,
Finland,FIN,1970,0,,,
Finland,FIN,1971,0,,,
Finland,FIN,1972,0,,,
Finland,FIN,1973,0,,,
Finland,FIN,1974,4.444444444,,,
Finland,FIN,1975,7.355,,,
Finland,FIN,1976,8.618333333,,,
Finland,FIN,1977,8.765,,,
Finland,FIN,1978,9.543333333,,,
Finland,FIN,1979,9.509444444,,,
Finland,FIN,1980,8.945555556,,,
Finland,FIN,1981,7.118055556,,,
Finland,FIN,1982,6.723333333,,,
Finland,FIN,1983,6.520277778,,,
Finland,FIN,1984,7.467777778,,,
Finland,FIN,1985,9.475555556,,,
Finland,FIN,1986,11.47222222,,,
Finland,FIN,1987,15.17222222,,,
Finland,FIN,1988,16.32,,,
Finland,FIN,1989,21.4,,,
Finland,FIN,1990,25.21,,,
Finland,FIN,1991,26.57,,,
Finland,FIN,1992,27.59,,,
Finland,FIN,1993,28.51,,,
Finland,FIN,1994,31.47,,,
Finland,FIN,1995,32.68,,,
Finland,FIN,1996,34.18944444,,,
Finland,FIN,1997,33.63833333,,,
Finland,FIN,1998,38.53638889,,,
Finland,FIN,1999,38.58,,,
Finland,FIN,2000,39.41,,,
Finland,FIN,2001,42.76,,,
Finland,FIN,2002,42.46,,,
Finland,FIN,2003,47,,,
Finland,FIN,2004,45.28,,,
Finland,FIN,2005,41.43,,,
Finland,FIN,2006,44.28,,,
Finland,FIN,2007,40.96,,,
Finland,FIN,2008,41.88055556,,,
Finland,FIN,2009,37.38,,,
Finland,FIN,2010,41.3,,,
Finland,FIN,2011,36.12,,,
Finland,FIN,2012,31.945,,,
Finland,FIN,2013,29.70666667,,,
Finland,FIN,2014,26.55666667,,,
Finland,FIN,2015,22.87861111,,,
Finland,FIN,2016,20.07666667,,,
Finland,FIN,2017,18.32416667,,,
Finland,FIN,2018,21.01277778,,,
Finland,FIN,2019,20.36111111,,,
Finland,FIN,2020,19.57611111,,,
France,FRA,1965,50.04699528,,,
France,FRA,1966,52.79650167,,,
France,FRA,1967,60.33925444,,,
France,FRA,1968,72.1564975,,,
France,FRA,1969,83.85049722,,,
France,FRA,1970,95.52925028,,,
France,FRA,1971,113.2255047,,,
France,FRA,1972,133.8877467,,,
France,FRA,1973,157.0365056,,,
France,FRA,1974,163.9592517,,,
France,FRA,1975,182.8700036,,,
France,FRA,1976,196.4532506,,,
France,FRA,1977,205.0852458,,,
France,FRA,1978,218.7795011,,,
France,FRA,1979,242.3760036,,,
France,FRA,1980,251.719755,,,
France,FRA,1981,255.7169975,,,
France,FRA,1982,245.7722542,,,
France,FRA,1983,261.8024997,,,
France,FRA,1984,266.9920033,,,
France,FRA,1985,285.7915031,,,
France,FRA,1986,287.4152486,,,
France,FRA,1987,290.8160003,,,
France,FRA,1988,289.36125,,,
France,FRA,1989,283.1477481,,,
France,FRA,1990,302.7535,,,
France,FRA,1991,331.66625,,,
France,FRA,1992,330.99,,,
France,FRA,1993,338.51475,,,
France,FRA,1994,323.15025,,,
France,FRA,1995,343.97825,,,
France,FRA,1996,380.1465,,,
France,FRA,1997,364.46925,,,
France,FRA,1998,388.59475,,,
France,FRA,1999,396.2115,,,
France,FRA,2000,415.9635,,,
France,FRA,2001,436.684,,,
France,FRA,2002,435.94275,,,
France,FRA,2003,457.26825,,,
France,FRA,2004,466.92525,,,
France,FRA,2005,477.12575,,,
France,FRA,2006,460.8055,,,
France,FRA,2007,447.60925,,,
France,FRA,2008,463.8645,,,
France,FRA,2009,447.31075,,,
France,FRA,2010,495.6445,,,
France,FRA,2011,430.1903508,,,
France,FRA,2012,444.4429503,,,
France,FRA,2013,451.4315369,,,
France,FRA,2014,379.0835053,,,
France,FRA,2015,407.5176458,,,
France,FRA,2016,445.2993958,,,
France,FRA,2017,447.6569897,,,
France,FRA,2018,428.3838447,,,
France,FRA,2019,436.6204233,,,
France,FRA,2020,406.6228403,,,
Germany,DEU,1965,30.97567361,,,
Germany,DEU,1966,37.22992222,,,
Germany,DEU,1967,47.98864861,,,
Germany,DEU,1968,78.86974,,,
Germany,DEU,1969,112.3163739,,,
Germany,DEU,1970,159.7375292,,,
Germany,DEU,1971,211.0247322,,,
Germany,DEU,1972,273.2243578,,,
Germany,DEU,1973,352.3305531,,,
Germany,DEU,1974,440.7649192,,,
Germany,DEU,1975,465.1434836,,,
Germany,DEU,1976,492.2885778,,,
Germany,DEU,1977,522.7913403,,,
Germany,DEU,1978,560.4232369,,,
Germany,DEU,1979,619.4780039,,,
Germany,DEU,1980,610.7291494,,,
Germany,DEU,1981,583.9387386,,,
Germany,DEU,1982,541.8614783,,,
Germany,DEU,1983,563.3434625,,,
Germany,DEU,1984,588.3013431,,,
Germany,DEU,1985,581.4914239,,,
Germany,DEU,1986,579.8007669,,,
Germany,DEU,1987,628.61701,,,
Germany,DEU,1988,618.8513967,,,
Germany,DEU,1989,633.3579431,,,
Germany,DEU,1990,636.8833333,,,
Germany,DEU,1991,669.1927778,,,
Germany,DEU,1992,661.6269444,,,
Germany,DEU,1993,700.1133333,,,
Germany,DEU,1994,712.9272222,,,
Germany,DEU,1995,777.3736111,,,
Germany,DEU,1996,869.91,,,
Germany,DEU,1997,831.0336111,,,
Germany,DEU,1998,838.6502778,,,
Germany,DEU,1999,836.1908333,,,
Germany,DEU,2000,829.2458333,,,
Germany,DEU,2001,874.4819444,,,
Germany,DEU,2002,873.1277778,,,
Germany,DEU,2003,883.7197222,,,
Germany,DEU,2004,888.2105556,,,
Germany,DEU,2005,902.8104919,,,
Germany,DEU,2006,920.068965,,,
Germany,DEU,2007,886.3619586,,,
Germany,DEU,2008,895.0063031,,,
Germany,DEU,2009,844.3012164,,,
Germany,DEU,2010,880.7125,,,
Germany,DEU,2011,808.6072222,,,
Germany,DEU,2012,811.1005556,,,
Germany,DEU,2013,849.7433333,,,
Germany,DEU,2014,738.9502778,,,
Germany,DEU,2015,769.5361111,,,
Germany,DEU,2016,848.8475,,,
Germany,DEU,2017,877.3847222,,,
Germany,DEU,2018,858.5072222,,,
Germany,DEU,2019,886.8708333,,,
Germany,DEU,2020,865.4552319,,,
Greece,GRC,1965,0,,,
Greece,GRC,1966,0,,,
Greece,GRC,1967,0,,,
Greece,GRC,1968,0,,,
Greece,GRC,1969,0,,,
Greece,GRC,1970,0,,,
Greece,GRC,1971,0,,,
Greece,GRC,1972,0,,,
Greece,GRC,1973,0,,,
Greece,GRC,1974,0,,,
Greece,GRC,1975,0,,,
Greece,GRC,1976,0,,,
Greece,GRC,1977,0,,,
Greece,GRC,1978,0,,,
Greece,GRC,1979,0,,,
Greece,GRC,1980,0,,,
Greece,GRC,1981,0,,,
Greece,GRC,1982,0.8435,,,
Greece,GRC,1983,0.804,,,
Greece,GRC,1984,0.8845,,,
Greece,GRC,1985,0.83125,,,
Greece,GRC,1986,1.13875,,,
Greece,GRC,1987,1.3,,,
Greece,GRC,1988,1.55925,,,
Greece,GRC,1989,1.5725,,,
Greece,GRC,1990,1.6065,,,
Greece,GRC,1991,1.587,,,
Greece,GRC,1992,1.4665,,,
Greece,GRC,1993,1.0815,,,
Greece,GRC,1994,0.55325,,,
Greece,GRC,1995,0.51025,,,
Greece,GRC,1996,0.57325,,,
Greece,GRC,1997,1.98875,,,
Greece,GRC,1998,8.145165556,,,
Greece,GRC,1999,14.60370611,,,
Greece,GRC,2000,19.60187583,,,
Greece,GRC,2001,19.34476833,,,
Greece,GRC,2002,20.80513889,,,
Greece,GRC,2003,23.52019417,,,
Greece,GRC,2004,25.85473028,,,
Greece,GRC,2005,26.0325,,,
Greece,GRC,2006,30.693,,,
Greece,GRC,2007,38.86781194,,,
Greece,GRC,2008,40.5268025,,,
Greece,GRC,2009,34.03144278,,,
Greece,GRC,2010,37.29560917,,,
Greece,GRC,2011,45.98988139,,,
Greece,GRC,2012,42.26817806,,,
Greece,GRC,2013,37.30692583,,,
Greece,GRC,2014,28.44269028,,,
Greece,GRC,2015,30.71387972,,,
Greece,GRC,2016,39.978,,,
Greece,GRC,2017,48.213,,,
Greece,GRC,2018,47.2059,,,
Greece,GRC,2019,51.8247,,,
Greece,GRC,2020,57.0231,,,
Hungary,HUN,1965,13.59725,,,
Hungary,HUN,1966,16.85625,,,
Hungary,HUN,1967,21.63475,,,
Hungary,HUN,1968,27.229,,,
Hungary,HUN,1969,32.416,,,
Hungary,HUN,1970,36.353,,,
Hungary,HUN,1971,37.8555,,,
Hungary,HUN,1972,40.85975,,,
Hungary,HUN,1973,48.52025,,,
Hungary,HUN,1974,51.6755,,,
Hungary,HUN,1975,57.40325,,,
Hungary,HUN,1976,68.92725,,,
Hungary,HUN,1977,74.27975,,,
Hungary,HUN,1978,81.34125,,,
Hungary,HUN,1979,85.92225,,,
Hungary,HUN,1980,92.71975,,,
Hungary,HUN,1981,94.841,,,
Hungary,HUN,1982,99.04875,,,
Hungary,HUN,1983,98.74575,,,
Hungary,HUN,1984,100.5655,,,
Hungary,HUN,1985,102.6675,,,
Hungary,HUN,1986,108.90225,,,
Hungary,HUN,1987,108.11625,,,
Hungary,HUN,1988,106.93825,,,
Hungary,HUN,1989,108.948,,,
Hungary,HUN,1990,103.6588889,,,
Hungary,HUN,1991,102.7894444,,,
Hungary,HUN,1992,90.36,,,
Hungary,HUN,1993,97.23777778,,,
Hungary,HUN,1994,98.19611111,,,
Hungary,HUN,1995,106.7038889,,,
Hungary,HUN,1996,119.0616667,,,
Hungary,HUN,1997,112.9138889,,,
Hungary,HUN,1998,113.6983333,,,
Hungary,HUN,1999,115.1958333,,,
Hungary,HUN,2000,112.3080556,,,
Hungary,HUN,2001,124.5647222,,,
Hungary,HUN,2002,125.7266667,,,
Hungary,HUN,2003,138.2347222,,,
Hungary,HUN,2004,136.2133333,,,
Hungary,HUN,2005,140.6525,,,
Hungary,HUN,2006,133.2422222,,,
Hungary,HUN,2007,124.4972222,,,
Hungary,HUN,2008,122.8225,,,
Hungary,HUN,2009,106.4363889,,,
Hungary,HUN,2010,114.1541667,,,
Hungary,HUN,2011,109.1352778,,,
Hungary,HUN,2012,97.39972222,,,
Hungary,HUN,2013,90.80138889,,,
Hungary,HUN,2014,81.19611111,,,
Hungary,HUN,2015,87.10666667,,,
Hungary,HUN,2016,93.36222222,,,
Hungary,HUN,2017,99.34138889,,,
Hungary,HUN,2018,96.22416667,,,
Hungary,HUN,2019,98.44,,,
Hungary,HUN,2020,101.78,,,
Ireland,IRL,1965,0,,,
Ireland,IRL,1966,0,,,
Ireland,IRL,1967,0,,,
Ireland,IRL,1968,0,,,
Ireland,IRL,1969,0,,,
Ireland,IRL,1970,0,,,
Ireland,IRL,1971,0,,,
Ireland,IRL,1972,0,,,
Ireland,IRL,1973,0,,,
Ireland,IRL,1974,0,,,
Ireland,IRL,1975,0,,,
Ireland,IRL,1976,0,,,
Ireland,IRL,1977,0,,,
Ireland,IRL,1978,0,,,
Ireland,IRL,1979,2.762375,,,
Ireland,IRL,1980,8.06575,,,
Ireland,IRL,1981,12.1275,,,
Ireland,IRL,1982,17.796625,,,
Ireland,IRL,1983,19.25,,,
Ireland,IRL,1984,20.395375,,,
Ireland,IRL,1985,21.00175,,,
Ireland,IRL,1986,14.812875,,,
Ireland,IRL,1987,14.755125,,,
Ireland,IRL,1988,17.700375,,,
Ireland,IRL,1989,20.0729375,,,
Ireland,IRL,1990,21.82951,,,
Ireland,IRL,1991,22.36449,,,
Ireland,IRL,1992,22.12026,,,
Ireland,IRL,1993,25.13243,,,
Ireland,IRL,1994,25.56274,,,
Ireland,IRL,1995,27.20257,,,
Ireland,IRL,1996,30.90091,,,
Ireland,IRL,1997,32.29651,,,
Ireland,IRL,1998,32.65704,,,
Ireland,IRL,1999,34.92489,,,
Ireland,IRL,2000,40.04209,,,
Ireland,IRL,2001,41.76333,,,
Ireland,IRL,2002,42.86818,,,
Ireland,IRL,2003,42.55417,,,
Ireland,IRL,2004,42.48439,,,
Ireland,IRL,2005,40.43751,,,
Ireland,IRL,2006,45.90361,,,
Ireland,IRL,2007,49.83455,,,
Ireland,IRL,2008,52.20707,,,
Ireland,IRL,2009,49.55543,,,
Ireland,IRL,2010,54.67263,,,
Ireland,IRL,2011,48.09005,,,
Ireland,IRL,2012,46.90337694,,,
Ireland,IRL,2013,44.67215111,,,
Ireland,IRL,2014,43.28269417,,,
Ireland,IRL,2015,43.76369,,,
Ireland,IRL,2016,49.20653,,,
Ireland,IRL,2017,50.18880667,,,
Ireland,IRL,2018,52.10539194,,,
Ireland,IRL,2019,53.15884694,,,
Ireland,IRL,2020,53.05464278,,,
Italy,ITA,1965,73.747,,,
Italy,ITA,1966,80.52125,,,
Italy,ITA,1967,87.95325,,,
Italy,ITA,1968,103.2935,,,
Italy,ITA,1969,113.41175,,,
Italy,ITA,1970,122.352,,,
Italy,ITA,1971,126.3975,,,
Italy,ITA,1972,144.94625,,,
Italy,ITA,1973,162.83325,,,
Italy,ITA,1974,183.13525,,,
Italy,ITA,1975,211.03175,,,
Italy,ITA,1976,255.52075,,,
Italy,ITA,1977,260.9535,,,
Italy,ITA,1978,257.09375,,,
Italy,ITA,1979,264.134,,,
Italy,ITA,1980,262.16375,,,
Italy,ITA,1981,254.19875,,,
Italy,ITA,1982,253.31275,,,
Italy,ITA,1983,260.48725,,,
Italy,ITA,1984,306.87525,,,
Italy,ITA,1985,311.90075,,,
Italy,ITA,1986,329.7765,,,
Italy,ITA,1987,365.805,,,
Italy,ITA,1988,396.8485,,,
Italy,ITA,1989,429.2785,,,
Italy,ITA,1990,454.26025,,,
Italy,ITA,1991,482.582,,,
Italy,ITA,1992,478.1345,,,
Italy,ITA,1993,487.87525,,,
Italy,ITA,1994,471.44325,,,
Italy,ITA,1995,519.30575,,,
Italy,ITA,1996,535.75675,,,
Italy,ITA,1997,556.29779,,,
Italy,ITA,1998,598.945,,,
Italy,ITA,1999,651.00088,,,
Italy,ITA,2000,678.78495,,,
Italy,ITA,2001,680.64575,,,
Italy,ITA,2002,676.02864,,,
Italy,ITA,2003,745.33181,,,
Italy,ITA,2004,773.41826,,,
Italy,ITA,2005,827.69547,,,
Italy,ITA,2006,810.58774,,,
Italy,ITA,2007,814.5612594,,,
Italy,ITA,2008,808.5151578,,,
Italy,ITA,2009,743.1755847,,,
Italy,ITA,2010,791.4990072,,,
Italy,ITA,2011,742.1607103,,,
Italy,ITA,2012,713.56583,,,
Italy,ITA,2013,667.4042883,,,
Italy,ITA,2014,589.7159342,,,
Italy,ITA,2015,643.1541781,,,
Italy,ITA,2016,675.4583653,,,
Italy,ITA,2017,715.7879708,,,
Italy,ITA,2018,692.1408311,,,
Italy,ITA,2019,707.9061472,,,
Italy,ITA,2020,676.6166281,,,
Latvia,LVA,1985,21.10496556,,,
Latvia,LVA,1986,22.07030472,,,
Latvia,LVA,1987,22.95519917,,,
Latvia,LVA,1988,24.72025556,,,
Latvia,LVA,1989,24.72025556,,,
Latvia,LVA,1990,25.685595,,,
Latvia,LVA,1991,24.72025556,,,
Latvia,LVA,1992,14.12045222,,,
Latvia,LVA,1993,8.830014722,,,
Latvia,LVA,1994,8.830014722,,,
Latvia,LVA,1995,10.59033917,,,
Latvia,LVA,1996,9.705445,,,
Latvia,LVA,1997,9.705445,,,
Latvia,LVA,1998,10.97836778,,,
Latvia,LVA,1999,10.51462639,,,
Latvia,LVA,2000,12.73396028,,,
Latvia,LVA,2001,13.24029,,,
Latvia,LVA,2002,15.08579167,,,
Latvia,LVA,2003,15.00534667,,,
Latvia,LVA,2004,16.56219278,,,
Latvia,LVA,2005,16.08898722,,,
Latvia,LVA,2006,16.62844139,,,
Latvia,LVA,2007,16.08898722,,,
Latvia,LVA,2008,15.75774333,,,
Latvia,LVA,2009,14.45169611,,,
Latvia,LVA,2010,17.23414444,,,
Latvia,LVA,2011,15.18043278,,,
Latvia,LVA,2012,14.27187806,,,
Latvia,LVA,2013,14.062125,,,
Latvia,LVA,2014,12.637625,,,
Latvia,LVA,2015,12.7435,,,
Latvia,LVA,2016,13.195875,,,
Latvia,LVA,2017,11.963875,,,
Latvia,LVA,2018,13.715625,,,
Latvia,LVA,2019,13.118875,,,
Latvia,LVA,2020,10.731875,,,
Lithuania,LTU,1985,40.79189778,,,
Lithuania,LTU,1986,40.87845889,,,
Lithuania,LTU,1987,42.69624111,,,
Lithuania,LTU,1988,44.51402306,,,
Lithuania,LTU,1989,47.24069639,,,
Lithuania,LTU,1990,54.41444389,,,
Lithuania,LTU,1991,56.32874194,,,
Lithuania,LTU,1992,32.18021,,,
Lithuania,LTU,1993,17.404295,,,
Lithuania,LTU,1994,20.13501889,,,
Lithuania,LTU,1995,23.59610694,,,
Lithuania,LTU,1996,25.22663306,,,
Lithuania,LTU,1997,23.28791194,,,
Lithuania,LTU,1998,20.39785694,,,
Lithuania,LTU,1999,21.08402694,,,
Lithuania,LTU,2000,24.00780889,,,
Lithuania,LTU,2001,24.96612111,,,
Lithuania,LTU,2002,25.24175194,,,
Lithuania,LTU,2003,27.38050889,,,
Lithuania,LTU,2004,27.31189194,,,
Lithuania,LTU,2005,28.80634694,,,
Lithuania,LTU,2006,28.545835,,,
Lithuania,LTU,2007,33.63512306,,,
Lithuania,LTU,2008,30.19148,,,
Lithuania,LTU,2009,25.37200806,,,
Lithuania,LTU,2010,28.98196,,,
Lithuania,LTU,2011,31.61964389,,,
Lithuania,LTU,2012,30.87416111,,,
Lithuania,LTU,2013,25.17197194,,,
Lithuania,LTU,2014,24.01711306,,,
Lithuania,LTU,2015,24.03765,,,
Lithuania,LTU,2016,21.41865,,,
Lithuania,LTU,2017,22.28886,,,
Lithuania,LTU,2018,22.38687,,,
Lithuania,LTU,2019,21.57156,,,
Lithuania,LTU,2020,23.60484,,,
Luxembourg,LUX,1965,0,,,
Luxembourg,LUX,1966,0,,,
Luxembourg,LUX,1967,0,,,
Luxembourg,LUX,1968,0,,,
Luxembourg,LUX,1969,0.02925,,,
Luxembourg,LUX,1970,0.072950556,,,
Luxembourg,LUX,1971,0.146538056,,,
Luxembourg,LUX,1972,1.172303889,,,
Luxembourg,LUX,1973,2.344608056,,,
Luxembourg,LUX,1974,3.150566944,,,
Luxembourg,LUX,1975,3.647525,,,
Luxembourg,LUX,1976,4.176333056,,,
Luxembourg,LUX,1977,4.39614,,,
Luxembourg,LUX,1978,4.835753889,,,
Luxembourg,LUX,1979,5.055561111,,,
Luxembourg,LUX,1980,4.449980556,,,
Luxembourg,LUX,1981,3.443643056,,,
Luxembourg,LUX,1982,2.857491111,,,
Luxembourg,LUX,1983,2.710953056,,,
Luxembourg,LUX,1984,2.93076,,,
Luxembourg,LUX,1985,3.209821944,,,
Luxembourg,LUX,1986,3.136871389,,,
Luxembourg,LUX,1987,3.574574444,,,
Luxembourg,LUX,1988,3.720475556,,,
Luxembourg,LUX,1989,4.231128889,,,
Luxembourg,LUX,1990,4.981476944,,,
Luxembourg,LUX,1991,5.179485556,,,
Luxembourg,LUX,1992,5.398336944,,,
Luxembourg,LUX,1993,5.606766944,,,
Luxembourg,LUX,1994,5.648453056,,,
Luxembourg,LUX,1995,6.4549125,,,
Luxembourg,LUX,1996,7.081096389,,,
Luxembourg,LUX,1997,7.255865278,,,
Luxembourg,LUX,1998,7.326418889,,,
Luxembourg,LUX,1999,7.599461944,,,
Luxembourg,LUX,2000,7.807751667,,,
Luxembourg,LUX,2001,8.6795,,,
Luxembourg,LUX,2002,12.40725,,,
Luxembourg,LUX,2003,12.5595,,,
Luxembourg,LUX,2004,13.908,,,
Luxembourg,LUX,2005,13.68004583,,,
Luxembourg,LUX,2006,14.30931028,,,
Luxembourg,LUX,2007,13.35653389,,,
Luxembourg,LUX,2008,12.714175,,,
Luxembourg,LUX,2009,12.93793806,,,
Luxembourg,LUX,2010,13.91630389,,,
Luxembourg,LUX,2011,12.00527583,,,
Luxembourg,LUX,2012,12.22372167,,,
Luxembourg,LUX,2013,10.34957056,,,
Luxembourg,LUX,2014,9.805904444,,,
Luxembourg,LUX,2015,8.942739167,,,
Luxembourg,LUX,2016,8.247018333,,,
Luxembourg,LUX,2017,8.061143056,,,
Luxembourg,LUX,2018,7.950632778,,,
Luxembourg,LUX,2019,7.955588056,,,
Luxembourg,LUX,2020,7.329325556,1,,
Netherlands,NLD,1965,15,,,
Netherlands,NLD,1966,28.61111111,,,
Netherlands,NLD,1967,50.55555556,,,
Netherlands,NLD,1968,85,,,
Netherlands,NLD,1969,125.2777778,,,
Netherlands,NLD,1970,176.3888889,,,
Netherlands,NLD,1971,230.5555556,,,
Netherlands,NLD,1972,300,,,
Netherlands,NLD,1973,333.6111111,,,
Netherlands,NLD,1974,355,,,
Netherlands,NLD,1975,370.2777778,,,
Netherlands,NLD,1976,384.4444444,,,
Netherlands,NLD,1977,385.8333333,,,
Netherlands,NLD,1978,386.6666667,,,
Netherlands,NLD,1979,385,,,
Netherlands,NLD,1980,351.9444444,,,
Netherlands,NLD,1981,335,,,
Netherlands,NLD,1982,320,,,
Netherlands,NLD,1983,342.2222222,,,
Netherlands,NLD,1984,363.6111111,,,
Netherlands,NLD,1985,383.3333333,,,
Netherlands,NLD,1986,382.2222222,,,
Netherlands,NLD,1987,394.4444444,,,
Netherlands,NLD,1988,356.6666667,,,
Netherlands,NLD,1989,365.8333333,,,
Netherlands,NLD,1990,368.0555556,,,
Netherlands,NLD,1991,410.6944444,,,
Netherlands,NLD,1992,399.9166667,,,
Netherlands,NLD,1993,411.3055556,,,
Netherlands,NLD,1994,397.2222222,,,
Netherlands,NLD,1995,408.0277778,,,
Netherlands,NLD,1996,452.1944444,,,
Netherlands,NLD,1997,423.6944444,,,
Netherlands,NLD,1998,418.3888889,,,
Netherlands,NLD,1999,408.7777778,,,
Netherlands,NLD,2000,409.9166667,,,
Netherlands,NLD,2001,418.1944444,,,
Netherlands,NLD,2002,413.9722222,,,
Netherlands,NLD,2003,416.8333333,,,
Netherlands,NLD,2004,426.7777778,,,
Netherlands,NLD,2005,414.5555556,,,
Netherlands,NLD,2006,398.0833333,,,
Netherlands,NLD,2007,388.0555556,,,
Netherlands,NLD,2008,403.8888889,,,
Netherlands,NLD,2009,413.5833333,,,
Netherlands,NLD,2010,467.5833333,,,
Netherlands,NLD,2011,409.2777778,,,
Netherlands,NLD,2012,392.8333333,,,
Netherlands,NLD,2013,391.1111111,,,
Netherlands,NLD,2014,344.7222222,,,
Netherlands,NLD,2015,340.8055556,,,
Netherlands,NLD,2016,351.5277778,,,
Netherlands,NLD,2017,360.8333333,,,
Netherlands,NLD,2018,354.4444444,,,
Netherlands,NLD,2019,370.1944444,,,
Netherlands,NLD,2020,365.5833333,1,,
North Macedonia,MKD,1990,0,,,
North Macedonia,MKD,1991,0,,,
North Macedonia,MKD,1992,0,,,
North Macedonia,MKD,1993,0,,,
North Macedonia,MKD,1994,0,,,
North Macedonia,MKD,1995,0,,,
North Macedonia,MKD,1996,0,,,
North Macedonia,MKD,1997,0,,,
North Macedonia,MKD,1998,0.1915,,,
North Macedonia,MKD,1999,0.354275,,,
North Macedonia,MKD,2000,0.5745,,,
North Macedonia,MKD,2001,0.766,,,
North Macedonia,MKD,2002,0.78515,,,
North Macedonia,MKD,2003,0.698975,,,
North Macedonia,MKD,2004,0.68,,,
North Macedonia,MKD,2005,0.727014444,,,
North Macedonia,MKD,2006,0.778581944,,,
North Macedonia,MKD,2007,0.993434722,,,
North Macedonia,MKD,2008,1.129552222,,,
North Macedonia,MKD,2009,0.748402222,,,
North Macedonia,MKD,2010,1.108536667,,,
North Macedonia,MKD,2011,1.282521389,,,
North Macedonia,MKD,2012,1.330844167,,,
North Macedonia,MKD,2013,1.506596667,,,
North Macedonia,MKD,2014,1.2925,,,
North Macedonia,MKD,2015,1.301955278,,,
North Macedonia,MKD,2016,2.047333611,,,
North Macedonia,MKD,2017,2.632799444,,,
North Macedonia,MKD,2018,2.4283325,,,
North Macedonia,MKD,2019,2.839255278,,,
North Macedonia,MKD,2020,3.243649722,,,
Norway,NOR,1965,0,1,,
Norway,NOR,1966,0,,,
Norway,NOR,1967,0,,,
Norway,NOR,1968,0,,,
Norway,NOR,1969,0,,,
Norway,NOR,1970,0,,,
Norway,NOR,1971,0,,,
Norway,NOR,1972,0,,,
Norway,NOR,1973,0,,,
Norway,NOR,1974,0,,,
Norway,NOR,1975,0,,,
Norway,NOR,1976,0,,,
Norway,NOR,1977,3.98909,,,
Norway,NOR,1978,6.69888,,,
Norway,NOR,1979,7.65254,,,
Norway,NOR,1980,8.22241,,,
Norway,NOR,1981,10.10647,,,
Norway,NOR,1982,10.90894,,,
Norway,NOR,1983,12.28128,,,
Norway,NOR,1984,11.81608,,,
Norway,NOR,1985,12.45573,,,
Norway,NOR,1986,13.7234,,,
Norway,NOR,1987,15.10737,,,
Norway,NOR,1988,19.02668,,,
Norway,NOR,1989,21.07356,,,
Norway,NOR,1990,22.31797,,,
Norway,NOR,1991,25.14406,,,
Norway,NOR,1992,27.06301,,,
Norway,NOR,1993,28.47024,,,
Norway,NOR,1994,30.56364,,,
Norway,NOR,1995,30.85439,,,
Norway,NOR,1996,33.4944,,,
Norway,NOR,1997,38.68138,,,
Norway,NOR,1998,39.50711,,,
Norway,NOR,1999,37.73935,,,
Norway,NOR,2000,42.36809,,,
Norway,NOR,2001,39.26288,,,
Norway,NOR,2002,41.90289,,,
Norway,NOR,2003,45.14766,,,
Norway,NOR,2004,47.74115,,,
Norway,NOR,2005,43.69921278,,,
Norway,NOR,2006,43.31641194,,,
Norway,NOR,2007,41.76111472,,,
Norway,NOR,2008,42.99499167,,,
Norway,NOR,2009,41.29312667,,,
Norway,NOR,2010,40.97210639,,,
Norway,NOR,2011,40.32401333,,,
Norway,NOR,2012,40.08213278,,,
Norway,NOR,2013,39.74095389,,,
Norway,NOR,2014,42.58747806,,,
Norway,NOR,2015,45.26379056,,,
Norway,NOR,2016,43.68525917,,,
Norway,NOR,2017,45.85161806,,,
Norway,NOR,2018,44.29169278,,,
Norway,NOR,2019,45.6524525,,,
Norway,NOR,2020,44.31956306,,,
Poland,POL,1965,17.132,1,,
Poland,POL,1966,20.36575,,,
Poland,POL,1967,24.88775,,,
Poland,POL,1968,34.192,,,
Poland,POL,1969,47.40425,,,
Poland,POL,1970,60.459,,,
Poland,POL,1971,66.4925,,,
Poland,POL,1972,69.9665,,,
Poland,POL,1973,72.76475,,,
Poland,POL,1974,74.79425,,,
Poland,POL,1975,80.096,,,
Poland,POL,1976,85.46,,,
Poland,POL,1977,90.67575,,,
Poland,POL,1978,95.4555,,,
Poland,POL,1979,99.5635,,,
Poland,POL,1980,102.02375,,,
Poland,POL,1981,96.23175,,,
Poland,POL,1982,96.1915,,,
Poland,POL,1983,98.3895,,,
Poland,POL,1984,102.3515,,,
Poland,POL,1985,103.80825,,,
Poland,POL,1986,110.01725,,,
Poland,POL,1987,113.58325,,,
Poland,POL,1988,112.7905,,,
Poland,POL,1989,110.7195,,,
Poland,POL,1990,103.946,,,
Poland,POL,1991,96.929,,,
Poland,POL,1992,90.27425,,,
Poland,POL,1993,94.82925,,,
Poland,POL,1994,95.552,,,
Poland,POL,1995,104.609,,,
Poland,POL,1996,109.84825,,,
Poland,POL,1997,109.52475,,,
Poland,POL,1998,110.65125,,,
Poland,POL,1999,107.73125,,,
Poland,POL,2000,115.83125,,,
Poland,POL,2001,120.67975,,,
Poland,POL,2002,117.6165,,,
Poland,POL,2003,130.96175,,,
Poland,POL,2004,138.171,,,
Poland,POL,2005,142.28725,,,
Poland,POL,2006,143.90325,,,
Poland,POL,2007,143.9419444,,,
Poland,POL,2008,156.4363889,,,
Poland,POL,2009,150.9477778,,,
Poland,POL,2010,162.3263889,,,
Poland,POL,2011,164.5252778,,,
Poland,POL,2012,174.1936111,,,
Poland,POL,2013,174.1041667,,,
Poland,POL,2014,170.1361111,,,
Poland,POL,2015,170.9880556,,,
Poland,POL,2016,182.5761111,,,
Poland,POL,2017,191.8033333,,,
Poland,POL,2018,199.2605556,,,
Poland,POL,2019,208.8877778,,,
Poland,POL,2020,215.5721867,,,
Portugal,PRT,1965,0,1,,
Portugal,PRT,1966,0,,,
Portugal,PRT,1967,0,,,
Portugal,PRT,1968,0,,,
Portugal,PRT,1969,0,,,
Portugal,PRT,1970,0,,,
Portugal,PRT,1971,0,,,
Portugal,PRT,1972,0,,,
Portugal,PRT,1973,0,,,
Portugal,PRT,1974,0,,,
Portugal,PRT,1975,0,,,
Portugal,PRT,1976,0,,,
Portugal,PRT,1977,0,,,
Portugal,PRT,1978,0,,,
Portugal,PRT,1979,0,,,
Portugal,PRT,1980,0,,,
Portugal,PRT,1981,0,,,
Portugal,PRT,1982,0,,,
Portugal,PRT,1983,0,,,
Portugal,PRT,1984,0,,,
Portugal,PRT,1985,0,,,
Portugal,PRT,1986,0,,,
Portugal,PRT,1987,0,,,
Portugal,PRT,1988,0,,,
Portugal,PRT,1989,0,,,
Portugal,PRT,1990,0,,,
Portugal,PRT,1991,0,,,
Portugal,PRT,1992,0,,,
Portugal,PRT,1993,0,,,
Portugal,PRT,1994,0,,,
Portugal,PRT,1995,0,,,
Portugal,PRT,1996,0,,,
Portugal,PRT,1997,1.00625,,,
Portugal,PRT,1998,8.038,,,
Portugal,PRT,1999,22.478,,,
Portugal,PRT,2000,23.09003528,,,
Portugal,PRT,2001,25.74884056,,,
Portugal,PRT,2002,31.32221639,,,
Portugal,PRT,2003,30.202195,,,
Portugal,PRT,2004,37.83355028,,,
Portugal,PRT,2005,42.87780361,,,
Portugal,PRT,2006,41.18438528,,,
Portugal,PRT,2007,43.89386306,,,
Portugal,PRT,2008,48.02346194,,,
Portugal,PRT,2009,47.69356139,,,
Portugal,PRT,2010,51.887595,,,
Portugal,PRT,2011,52.53681694,,,
Portugal,PRT,2012,45.55491528,,,
Portugal,PRT,2013,43.18342667,,,
Portugal,PRT,2014,41.25960222,,,
Portugal,PRT,2015,48.19863306,,,
Portugal,PRT,2016,50.73813028,,,
Portugal,PRT,2017,63.39484639,,,
Portugal,PRT,2018,57.9938025,,,
Portugal,PRT,2019,61.35022,,,
Portugal,PRT,2020,59.93901639,,,
Romania,ROU,1965,140.4902703,1,,
Romania,ROU,1966,151.4665042,,,
Romania,ROU,1967,166.9824056,,,
Romania,ROU,1968,176.6879011,,,
Romania,ROU,1969,205.1690183,,,
Romania,ROU,1970,213.2538617,,,
Romania,ROU,1971,228.0146864,,,
Romania,ROU,1972,231.4677803,,,
Romania,ROU,1973,244.5619117,,,
Romania,ROU,1974,252.4257572,,,
Romania,ROU,1975,274.2493097,,,
Romania,ROU,1976,302.2976392,,,
Romania,ROU,1977,320.2214978,,,
Romania,ROU,1978,331.0273792,,,
Romania,ROU,1979,319.0106131,,,
Romania,ROU,1980,331.2944186,,,
Romania,ROU,1981,348.1086831,,,
Romania,ROU,1982,354.0480042,,,
Romania,ROU,1983,352.5562678,,,
Romania,ROU,1984,351.2394881,,,
Romania,ROU,1985,326.5890028,,,
Romania,ROU,1986,332.4546581,,,
Romania,ROU,1987,326.4692956,,,
Romania,ROU,1988,327.4822031,,,
Romania,ROU,1989,326.1930481,,,
Romania,ROU,1990,335.39125,,,
Romania,ROU,1991,276.76575,,,
Romania,ROU,1992,246.49525,,,
Romania,ROU,1993,236.97175,,,
Romania,ROU,1994,215.841,,,
Romania,ROU,1995,223.7625,,,
Romania,ROU,1996,225.837,,,
Romania,ROU,1997,185.36525,,,
Romania,ROU,1998,174.2715,,,
Romania,ROU,1999,159.69175,,,
Romania,ROU,2000,159.097,,,
Romania,ROU,2001,153.28125,,,
Romania,ROU,2002,158.50225,,,
Romania,ROU,2003,171.30225,,,
Romania,ROU,2004,162.091,,,
Romania,ROU,2005,161.92675,,,
Romania,ROU,2006,165.1305,,,
Romania,ROU,2007,148.422,,,
Romania,ROU,2008,141.4145,,,
Romania,ROU,2009,123.0495,,,
Romania,ROU,2010,125.469,,,
Romania,ROU,2011,129.15175,,,
Romania,ROU,2012,125.341,,,
Romania,ROU,2013,114.427,,,
Romania,ROU,2014,108.73125,,,
Romania,ROU,2015,103.70825,,,
Romania,ROU,2016,104.9461086,,,
Romania,ROU,2017,112.9026869,,,
Romania,ROU,2018,115.6298764,,,
Romania,ROU,2019,107.4079597,,,
Romania,ROU,2020,113.1743975,,,
Russia,RUS,1965,1216.758272,1,,
Russia,RUS,1966,1357.374337,,,
Russia,RUS,1967,1494.425075,,,
Russia,RUS,1968,1613.604044,,,
Russia,RUS,1969,1724.43383,,,
Russia,RUS,1970,1894.847458,,,
Russia,RUS,1971,2071.218343,,,
Russia,RUS,1972,2178.4828,,,
Russia,RUS,1973,2369.148843,,,
Russia,RUS,1974,2512.156837,,,
Russia,RUS,1975,2740.969627,,,
Russia,RUS,1976,3016.267067,,,
Russia,RUS,1977,3231.969381,,,
Russia,RUS,1978,3446.475731,,,
Russia,RUS,1979,3658.601433,,,
Russia,RUS,1980,3770.773858,,,
Russia,RUS,1981,3993.042692,,,
Russia,RUS,1982,4310.458383,,,
Russia,RUS,1983,4621.894256,,,
Russia,RUS,1984,5043.178317,,,
Russia,RUS,1985,3560.847892,,,
Russia,RUS,1986,3602.143181,,,
Russia,RUS,1987,3809.966928,,,
Russia,RUS,1988,4020.56195,,,
Russia,RUS,1989,4080.336058,,,
Russia,RUS,1990,4141.950383,,,
Russia,RUS,1991,4249.548164,,,
Russia,RUS,1992,4113.448967,,,
Russia,RUS,1993,4101.487572,,,
Russia,RUS,1994,3853.201014,,,
Russia,RUS,1995,3724.451722,,,
Russia,RUS,1996,3745.230811,,,
Russia,RUS,1997,3454.082592,,,
Russia,RUS,1998,3595.702431,,,
Russia,RUS,1999,3584.661144,,,
Russia,RUS,2000,3661.912981,,,
Russia,RUS,2001,3721.688053,,,
Russia,RUS,2002,3766.749264,,,
Russia,RUS,2003,3855.952064,,,
Russia,RUS,2004,3956.190267,,,
Russia,RUS,2005,4004.010325,,,
Russia,RUS,2006,4217.361356,,,
Russia,RUS,2007,4288.171828,,,
Russia,RUS,2008,4227.477139,,,
Russia,RUS,2009,3977.893217,,,
Russia,RUS,2010,4239.20225,,,
Russia,RUS,2011,4356.361394,,,
Russia,RUS,2012,4286.259028,,,
Russia,RUS,2013,4248.6743,,,
Russia,RUS,2014,4221.982431,,,
Russia,RUS,2015,4086.748222,,,
Russia,RUS,2016,4206.4639,,,
Russia,RUS,2017,4311.005908,,,
Russia,RUS,2018,4544.993133,,,
Russia,RUS,2019,4443.127211,,,
Russia,RUS,2020,4113.891944,,,
Slovakia,SVK,1965,2.9853,1,,
Slovakia,SVK,1966,3.3201,,,
Slovakia,SVK,1967,3.9804,,,
Slovakia,SVK,1968,8.9115,,,
Slovakia,SVK,1969,9.03125,,,
Slovakia,SVK,1970,12.1275,,,
Slovakia,SVK,1971,15.22375,,,
Slovakia,SVK,1972,16.532,,,
Slovakia,SVK,1973,18.1565,,,
Slovakia,SVK,1974,22.13625,,,
Slovakia,SVK,1975,25.3425,,,
Slovakia,SVK,1976,27.97925,,,
Slovakia,SVK,1977,31.79825,,,
Slovakia,SVK,1978,35.63,,,
Slovakia,SVK,1979,36.769,,,
Slovakia,SVK,1980,26.95325,,,
Slovakia,SVK,1981,27.98575,,,
Slovakia,SVK,1982,29.2225,,,
Slovakia,SVK,1983,30.00925,,,
Slovakia,SVK,1984,34.059,,,
Slovakia,SVK,1985,34.998,,,
Slovakia,SVK,1986,37.484,,,
Slovakia,SVK,1987,39.5915,,,
Slovakia,SVK,1988,38.9665,,,
Slovakia,SVK,1989,44.0555,,,
Slovakia,SVK,1990,59.173,,,
Slovakia,SVK,1991,52.629,,,
Slovakia,SVK,1992,57.8885,,,
Slovakia,SVK,1993,57.3265,,,
Slovakia,SVK,1994,54.73375,,,
Slovakia,SVK,1995,60.676,,,
Slovakia,SVK,1996,63.94625,,,
Slovakia,SVK,1997,64.8905,,,
Slovakia,SVK,1998,65.93675,,,
Slovakia,SVK,1999,66.73475,,,
Slovakia,SVK,2000,67.17975,,,
Slovakia,SVK,2001,71.738,,,
Slovakia,SVK,2002,68.23725,,,
Slovakia,SVK,2003,65.927,,,
Slovakia,SVK,2004,63.9465,,,
Slovakia,SVK,2005,68.64875,,,
Slovakia,SVK,2006,62.54475,,,
Slovakia,SVK,2007,59.189,,,
Slovakia,SVK,2008,60.08425,,,
Slovakia,SVK,2009,51.4675,,,
Slovakia,SVK,2010,58.22475,,,
Slovakia,SVK,2011,53.929,,,
Slovakia,SVK,2012,50.76875,,,
Slovakia,SVK,2013,53.01,,,
Slovakia,SVK,2014,43.87225,,,
Slovakia,SVK,2015,45.118,,,
Slovakia,SVK,2016,45.30275,,,
Slovakia,SVK,2017,48.10944667,,,
Slovakia,SVK,2018,47.41621389,,,
Slovakia,SVK,2019,47.52277833,,,
Slovakia,SVK,2020,49.7848925,,,
Slovenia,SVN,1990,8.92175,,,
Slovenia,SVN,1991,8.482,,,
Slovenia,SVN,1992,7.16175,,,
Slovenia,SVN,1993,7.11325,,,
Slovenia,SVN,1994,7.74575,,,
Slovenia,SVN,1995,8.597,,,
Slovenia,SVN,1996,8.7345,,,
Slovenia,SVN,1997,9.285,,,
Slovenia,SVN,1998,9.51175,,,
Slovenia,SVN,1999,9.929,,,
Slovenia,SVN,2000,9.598016944,,,
Slovenia,SVN,2001,9.881981944,,,
Slovenia,SVN,2002,9.531758611,,,
Slovenia,SVN,2003,10.54456694,,,
Slovenia,SVN,2004,10.45011083,,,
Slovenia,SVN,2005,10.78443222,,,
Slovenia,SVN,2006,10.45774,,,
Slovenia,SVN,2007,10.63487722,,,
Slovenia,SVN,2008,10.213975,,,
Slovenia,SVN,2009,9.665118056,,,
Slovenia,SVN,2010,10.02804417,,,
Slovenia,SVN,2011,8.580589444,,,
Slovenia,SVN,2012,8.253385833,,,
Slovenia,SVN,2013,8.106670556,,,
Slovenia,SVN,2014,7.280815278,,,
Slovenia,SVN,2015,7.724340278,,,
Slovenia,SVN,2016,8.190601389,,,
Slovenia,SVN,2017,8.622060278,,,
Slovenia,SVN,2018,8.530561667,,,
Slovenia,SVN,2019,8.56711,,,
Slovenia,SVN,2020,8.551605833,,,
Spain,ESP,1965,0,,,
Spain,ESP,1966,0,,,
Spain,ESP,1967,0,,,
Spain,ESP,1968,0,,,
Spain,ESP,1969,0.9393,,,
Spain,ESP,1970,0.7474,,,
Spain,ESP,1971,3.9794,,,
Spain,ESP,1972,11.716,,,
Spain,ESP,1973,11.312,,,
Spain,ESP,1974,14.14,,,
Spain,ESP,1975,14.5844,,,
Spain,ESP,1976,16.7458,,,
Spain,ESP,1977,16.0994,,,
Spain,ESP,1978,16.4933,,,
Spain,ESP,1979,15.9378,,,
Spain,ESP,1980,20.4323,,,
Spain,ESP,1981,23.331,,,
Spain,ESP,1982,25.4419,,,
Spain,ESP,1983,27.5124,,,
Spain,ESP,1984,22.5634,,,
Spain,ESP,1985,23.937,,,
Spain,ESP,1986,28.1992,,,
Spain,ESP,1987,30.1889,,,
Spain,ESP,1988,38.9557,,,
Spain,ESP,1989,50.0051,,,
Spain,ESP,1990,57.79439222,,,
Spain,ESP,1991,65.11023611,,,
Spain,ESP,1992,68.07941528,,,
Spain,ESP,1993,66.77966528,,,
Spain,ESP,1994,73.21792778,,,
Spain,ESP,1995,89.79324194,,,
Spain,ESP,1996,100.4896861,,,
Spain,ESP,1997,131.4889783,,,
Spain,ESP,1998,134.9870558,,,
Spain,ESP,1999,154.5253008,,,
Spain,ESP,2000,176.9639881,,,
Spain,ESP,2001,190.6943492,,,
Spain,ESP,2002,218.0343444,,,
Spain,ESP,2003,248.28728,,,
Spain,ESP,2004,292.6907458,,,
Spain,ESP,2005,347.0195539,,,
Spain,ESP,2006,363.1736992,,,
Spain,ESP,2007,369.5727192,,,
Spain,ESP,2008,405.9217331,,,
Spain,ESP,2009,363.0772178,,,
Spain,ESP,2010,361.9646814,,,
Spain,ESP,2011,336.4608333,,,
Spain,ESP,2012,332.2561414,,,
Spain,ESP,2013,303.2809603,,,
Spain,ESP,2014,275.2389992,,,
Spain,ESP,2015,285.4378347,,,
Spain,ESP,2016,291.2159444,,,
Spain,ESP,2017,317.1211414,,,
Spain,ESP,2018,314.9724989,,,
Spain,ESP,2019,359.7447425,,,
Spain,ESP,2020,324.1342481,,,
Sweden,SWE,1965,0,,,
Sweden,SWE,1966,0,,,
Sweden,SWE,1967,0,,,
Sweden,SWE,1968,0,,,
Sweden,SWE,1969,0,,,
Sweden,SWE,1970,0,,,
Sweden,SWE,1971,0,,,
Sweden,SWE,1972,0,,,
Sweden,SWE,1973,0,,,
Sweden,SWE,1974,0,,,
Sweden,SWE,1975,0,,,
Sweden,SWE,1976,0,,,
Sweden,SWE,1977,0,,,
Sweden,SWE,1978,0,,,
Sweden,SWE,1979,0,,,
Sweden,SWE,1980,0,,,
Sweden,SWE,1981,0,,,
Sweden,SWE,1982,0,,,
Sweden,SWE,1983,0,,,
Sweden,SWE,1984,0,,,
Sweden,SWE,1985,0.713841389,,,
Sweden,SWE,1986,1.879767778,,,
Sweden,SWE,1987,2.510536667,,,
Sweden,SWE,1988,3.2286325,,,
Sweden,SWE,1989,4.317979722,,,
Sweden,SWE,1990,6.009882778,,,
Sweden,SWE,1991,6.420766944,,,
Sweden,SWE,1992,7.247237778,,,
Sweden,SWE,1993,7.909355,,,
Sweden,SWE,1994,7.8520325,,,
Sweden,SWE,1995,7.859869722,,,
Sweden,SWE,1996,8.422120556,,,
Sweden,SWE,1997,8.3195675,,,
Sweden,SWE,1998,8.245899444,,,
Sweden,SWE,1999,8.263588611,,,
Sweden,SWE,2000,8.081545556,,,
Sweden,SWE,2001,9.117825,,,
Sweden,SWE,2002,9.27882,,,
Sweden,SWE,2003,9.252621944,,,
Sweden,SWE,2004,9.212317222,,,
Sweden,SWE,2005,8.77725,,,
Sweden,SWE,2006,9.18875,,,
Sweden,SWE,2007,9.483,,,
Sweden,SWE,2008,8.61025,,,
Sweden,SWE,2009,11.495,,,
Sweden,SWE,2010,15.468,,,
Sweden,SWE,2011,12.21675,,,
Sweden,SWE,2012,10.651,,,
Sweden,SWE,2013,10.2365,,,
Sweden,SWE,2014,8.40375,,,
Sweden,SWE,2015,9.33575,,,
Sweden,SWE,2016,9.989,,,
Sweden,SWE,2017,9.61625,,,
Sweden,SWE,2018,10.16875,,,
Sweden,SWE,2019,10.20175,,,
Sweden,SWE,2020,10.57831611,,,
Switzerland,CHE,1965,0,,,
Switzerland,CHE,1966,0,,,
Switzerland,CHE,1967,0,,,
Switzerland,CHE,1968,0,,,
Switzerland,CHE,1969,0.0025,,,
Switzerland,CHE,1970,0.385,,,
Switzerland,CHE,1971,0.93,,,
Switzerland,CHE,1972,1.18,,,
Switzerland,CHE,1973,1.5975,,,
Switzerland,CHE,1974,3.365,,,
Switzerland,CHE,1975,5.42,,,
Switzerland,CHE,1976,5.6575,,,
Switzerland,CHE,1977,6.46,,,
Switzerland,CHE,1978,7.0875,,,
Switzerland,CHE,1979,7.95,,,
Switzerland,CHE,1980,9.07,,,
Switzerland,CHE,1981,9.785,,,
Switzerland,CHE,1982,10.335,,,
Switzerland,CHE,1983,11.3625,,,
Switzerland,CHE,1984,12.6725,,,
Switzerland,CHE,1985,13.2675,,,
Switzerland,CHE,1986,13.5875,,,
Switzerland,CHE,1987,14.5675,,,
Switzerland,CHE,1988,14.67,,,
Switzerland,CHE,1989,15.955,,,
Switzerland,CHE,1990,17.0775,,,
Switzerland,CHE,1991,19.17,,,
Switzerland,CHE,1992,20.15,,,
Switzerland,CHE,1993,21.14,,,
Switzerland,CHE,1994,20.8525,,,
Switzerland,CHE,1995,22.98,,,
Switzerland,CHE,1996,24.875,,,
Switzerland,CHE,1997,24.015,,,
Switzerland,CHE,1998,24.72,,,
Switzerland,CHE,1999,28.45833333,,,
Switzerland,CHE,2000,28.3,,,
Switzerland,CHE,2001,29.45555556,,,
Switzerland,CHE,2002,28.91111111,,,
Switzerland,CHE,2003,30.55833333,,,
Switzerland,CHE,2004,31.525,,,
Switzerland,CHE,2005,32.36388889,,,
Switzerland,CHE,2006,31.46944444,,,
Switzerland,CHE,2007,30.64166667,,,
Switzerland,CHE,2008,32.64722222,,,
Switzerland,CHE,2009,31.33611111,,,
Switzerland,CHE,2010,35.00277778,,,
Switzerland,CHE,2011,31.04722222,,,
Switzerland,CHE,2012,34.03333333,,,
Switzerland,CHE,2013,35.84166667,,,
Switzerland,CHE,2014,31.04722222,,,
Switzerland,CHE,2015,33.17222222,,,
Switzerland,CHE,2016,34.85,,,
Switzerland,CHE,2017,34.99722222,,,
Switzerland,CHE,2018,33.19722222,,,
Switzerland,CHE,2019,34.05833333,,,
Switzerland,CHE,2020,32.30836611,,,
Turkey,TUR,1965,0,,,
Turkey,TUR,1966,0,,,
Turkey,TUR,1967,0,,,
Turkey,TUR,1968,0,,,
Turkey,TUR,1969,0,,,
Turkey,TUR,1970,0,,,
Turkey,TUR,1971,0,,,
Turkey,TUR,1972,0,,,
Turkey,TUR,1973,0,,,
Turkey,TUR,1974,0,,,
Turkey,TUR,1975,0,,,
Turkey,TUR,1976,0,,,
Turkey,TUR,1977,0,,,
Turkey,TUR,1978,0,,,
Turkey,TUR,1979,0,,,
Turkey,TUR,1980,0,,,
Turkey,TUR,1981,0,,,
Turkey,TUR,1982,0.3399125,,,
Turkey,TUR,1983,0.373425,,,
Turkey,TUR,1984,0.36385,,,
Turkey,TUR,1985,0.469175,,,
Turkey,TUR,1986,4.00235,,,
Turkey,TUR,1987,4.99815,,,
Turkey,TUR,1988,11.35595,,,
Turkey,TUR,1989,30.189975,,,
Turkey,TUR,1990,32.296475,,,
Turkey,TUR,1991,39.5639,,,
Turkey,TUR,1992,43.288575,,,
Turkey,TUR,1993,47.4154,,,
Turkey,TUR,1994,50.278325,,,
Turkey,TUR,1995,65.042975,,,
Turkey,TUR,1996,75.69995,,,
Turkey,TUR,1997,93.078575,,,
Turkey,TUR,1998,98.344825,,,
Turkey,TUR,1999,118.55765,,,
Turkey,TUR,2000,139.46945,,,
Turkey,TUR,2001,153.458525,1965,0,
Turkey,TUR,2002,166.39435,1966,0,
Turkey,TUR,2003,200.48135,1967,0,
Turkey,TUR,2004,211.6841,1968,0,
Turkey,TUR,2005,257.232375,1969,0,
Turkey,TUR,2006,291.970475,1970,0,
Turkey,TUR,2007,338.907125,1971,0,
Turkey,TUR,2008,352.982375,1972,0,
Turkey,TUR,2009,337.221925,1973,0,
Turkey,TUR,2010,358.210325,1974,0,
Turkey,TUR,2011,418.398775,1975,0,
Turkey,TUR,2012,433.19215,1976,0,
Turkey,TUR,2013,439.66485,1977,0,
Turkey,TUR,2014,466.465275,1978,0,
Turkey,TUR,2015,459.590425,1979,0,
Turkey,TUR,2016,445.046,1980,0,
Turkey,TUR,2017,515.680775,1981,0,
Turkey,TUR,2018,472.325175,1982,0,
Turkey,TUR,2019,433.61345,1983,0,
Turkey,TUR,2020,463.6646314,1984,0,
Ukraine,UKR,1985,849.9149458,1985,849.9149458,
Ukraine,UKR,1986,896.9657694,1986,896.9657694,
Ukraine,UKR,1987,916.3908556,1987,916.3908556,
Ukraine,UKR,1988,971.1312683,1988,971.1312683,
Ukraine,UKR,1989,981.7216078,1989,981.7216078,
Ukraine,UKR,1990,1209.674164,1990,1209.674164,
Ukraine,UKR,1991,1149.468228,1991,1149.468228,
Ukraine,UKR,1992,979.9518192,1992,979.9518192,
Ukraine,UKR,1993,879.3104719,1993,879.3104719,
Ukraine,UKR,1994,769.83911,1994,769.83911,
Ukraine,UKR,1995,721.2787611,1995,721.2787611,
Ukraine,UKR,1996,836.6273353,1996,836.6273353,
Ukraine,UKR,1997,753.3431661,1997,753.3431661,
Ukraine,UKR,1998,697.5049164,1998,697.5049164,
Ukraine,UKR,1999,741.0398231,1999,741.0398231,
Ukraine,UKR,2000,741.9862339,2000,741.9862339,
Ukraine,UKR,2001,719.2723697,2001,719.2723697,
Ukraine,UKR,2002,707.9154375,2002,707.9154375,
Ukraine,UKR,2003,722.1116028,2003,722.1116028,
Ukraine,UKR,2004,716.4331367,2004,716.4331367,
Ukraine,UKR,2005,722.1116028,2005,722.1116028,
Ukraine,UKR,2006,700.3441494,2006,700.3441494,
Ukraine,UKR,2007,660.5948869,2007,660.5948869,
Ukraine,UKR,2008,627.4705014,2008,627.4705014,
Ukraine,UKR,2009,489.0862831,2009,489.0862831,
Ukraine,UKR,2010,545.6059489,2010,545.6059489,
Ukraine,UKR,2011,561.2690511,2011,561.2690511,
Ukraine,UKR,2012,518.3871681,2012,518.3871681,
Ukraine,UKR,2013,476.9911506,2013,476.9911506,
Ukraine,UKR,2014,403.1710914,2014,403.1710914,
Ukraine,UKR,2015,319.8869222,2015,319.8869222,
Ukraine,UKR,2016,314.2084561,2016,314.2084561,
Ukraine,UKR,2017,301.9051131,2017,301.9051131,
Ukraine,UKR,2018,305.6907572,2018,305.6907572,
Ukraine,UKR,2019,282.9768928,2019,282.9768928,
Ukraine,UKR,2020,293.3874139,2020,293.3874139,
United Kingdom,GBR,1965,8.59457,1,,
United Kingdom,GBR,1966,8.38523,,,
United Kingdom,GBR,1967,14.10719,,,
United Kingdom,GBR,1968,31.85457,,,
United Kingdom,GBR,1969,62.06931,,,
United Kingdom,GBR,1970,118.2771,,,
United Kingdom,GBR,1971,190.70874,,,
United Kingdom,GBR,1972,270.6301,,,
United Kingdom,GBR,1973,292.80851,,,
United Kingdom,GBR,1974,350.22582,,,
United Kingdom,GBR,1975,366.97302,,,
United Kingdom,GBR,1976,389.24447,,,
United Kingdom,GBR,1977,413.71399,,,
United Kingdom,GBR,1978,429.13537,,,
United Kingdom,GBR,1979,470.16601,,,
United Kingdom,GBR,1980,468.77041,,,
United Kingdom,GBR,1981,475.12039,,,
United Kingdom,GBR,1982,472.74787,,,
United Kingdom,GBR,1983,492.78636,,,
United Kingdom,GBR,1984,504.17213,,,
United Kingdom,GBR,1985,542.22549,,,
United Kingdom,GBR,1986,551.25037,,,
United Kingdom,GBR,1987,566.16003,,,
United Kingdom,GBR,1988,539.2831,,,
United Kingdom,GBR,1989,527.02508,,,
United Kingdom,GBR,1990,548.73829,,,
United Kingdom,GBR,1991,592.76947,,,
United Kingdom,GBR,1992,589.92012,,,
United Kingdom,GBR,1993,672.27215,,,
United Kingdom,GBR,1994,692.25249,,,
United Kingdom,GBR,1995,738.08632,,,
United Kingdom,GBR,1996,859.84079,,,
United Kingdom,GBR,1997,884.18238,,,
United Kingdom,GBR,1998,919.4049,,,
United Kingdom,GBR,1999,978.8769,,,
United Kingdom,GBR,2000,1013.4171,,,
United Kingdom,GBR,2001,1008.5319,,,
United Kingdom,GBR,2002,995.3415,,,
United Kingdom,GBR,2003,998.0918119,,,
United Kingdom,GBR,2004,1019.879073,,,
United Kingdom,GBR,2005,993.8657189,,,
United Kingdom,GBR,2006,942.6023742,,,
United Kingdom,GBR,2007,953.0051433,,,
United Kingdom,GBR,2008,978.3252628,,,
United Kingdom,GBR,2009,912.2370239,,,
United Kingdom,GBR,2010,984.9284297,,,
United Kingdom,GBR,2011,819.185075,,,
United Kingdom,GBR,2012,768.9873894,,,
United Kingdom,GBR,2013,763.257545,,,
United Kingdom,GBR,2014,700.5550747,,,
United Kingdom,GBR,2015,720.4545756,,,
United Kingdom,GBR,2016,806.7364056,,,
United Kingdom,GBR,2017,785.491155,,,
United Kingdom,GBR,2018,795.4000431,,,
United Kingdom,GBR,2019,773.0331725,,,
United Kingdom,GBR,2020,724.9546956,,,
